ticket_id,customer_id,order_id,timestamp,issue_type,sentiment,resolution_hours
TKT-90001,CUST-4404,ORD-10056,2026-06-01 11:00:00,Defective Product,negative,18
TKT-90002,CUST-5722,ORD-10061,2026-06-01 11:00:00,Billing Dispute,negative,5
TKT-90003,CUST-1185,ORD-10218,2026-06-02 11:00:00,Billing Dispute,negative,20
TKT-90004,CUST-5511,ORD-10263,2026-06-02 11:00:00,Defective Product,negative,13
TKT-90005,CUST-8821,ORD-10271,2026-06-02 11:00:00,Missing Item,neutral,15
TKT-90006,CUST-3192,ORD-10273,2026-06-02 11:00:00,Missing Item,neutral,15
TKT-90007,CUST-9255,ORD-10293,2026-06-03 11:00:00,Delivery SLA Breach,neutral,16
TKT-90008,CUST-3095,ORD-10321,2026-06-03 11:00:00,Defective Product,neutral,10
TKT-90009,CUST-5300,ORD-10351,2026-06-03 11:00:00,Defective Product,negative,19
TKT-90010,CUST-1916,ORD-10377,2026-06-03 11:00:00,Billing Dispute,neutral,13
TKT-90011,CUST-2405,ORD-10383,2026-06-03 11:00:00,Missing Item,neutral,10
TKT-90012,CUST-5485,ORD-10392,2026-06-03 11:00:00,Delivery SLA Breach,negative,8
TKT-90013,CUST-3369,ORD-10400,2026-06-03 11:00:00,Defective Product,neutral,18
TKT-90014,CUST-8697,ORD-10509,2026-06-04 11:00:00,Delivery SLA Breach,neutral,15
TKT-90015,CUST-4772,ORD-10606,2026-06-05 11:00:00,Delivery SLA Breach,neutral,15
TKT-90016,CUST-9446,ORD-10693,2026-06-06 11:00:00,Billing Dispute,negative,10
TKT-90017,CUST-3122,ORD-10734,2026-06-06 11:00:00,Missing Item,neutral,18
TKT-90018,CUST-1515,ORD-10762,2026-06-06 11:00:00,Delivery SLA Breach,neutral,10
TKT-90019,CUST-8158,ORD-10798,2026-06-06 11:00:00,Delivery SLA Breach,negative,6
TKT-90020,CUST-5687,ORD-10812,2026-06-06 11:00:00,Missing Item,neutral,15
TKT-90021,CUST-1973,ORD-10817,2026-06-06 11:00:00,Delivery SLA Breach,negative,23
TKT-90022,CUST-1856,ORD-10827,2026-06-06 11:00:00,Billing Dispute,negative,5
TKT-90023,CUST-6902,ORD-10835,2026-06-07 11:00:00,Missing Item,negative,20
TKT-90024,CUST-3025,ORD-10861,2026-06-07 11:00:00,Missing Item,neutral,22
TKT-90025,CUST-9810,ORD-10872,2026-06-07 11:00:00,Missing Item,negative,13
TKT-90026,CUST-8636,ORD-10878,2026-06-07 11:00:00,Defective Product,negative,7
TKT-90027,CUST-5852,ORD-10905,2026-06-07 11:00:00,Billing Dispute,neutral,9
TKT-90028,CUST-4052,ORD-10968,2026-06-07 11:00:00,Missing Item,neutral,11
TKT-90029,CUST-7947,ORD-10972,2026-06-07 11:00:00,Defective Product,negative,10
TKT-90030,CUST-9978,ORD-10988,2026-06-08 11:00:00,Missing Item,neutral,23
TKT-90031,CUST-1979,ORD-11047,2026-06-08 11:00:00,Defective Product,neutral,14
TKT-90032,CUST-6089,ORD-11048,2026-06-08 11:00:00,Defective Product,negative,11
TKT-90033,CUST-5309,ORD-11091,2026-06-08 11:00:00,Delivery SLA Breach,neutral,7
TKT-90034,CUST-5076,ORD-11170,2026-06-09 11:00:00,Missing Item,neutral,4
TKT-90035,CUST-3027,ORD-11210,2026-06-09 11:00:00,Billing Dispute,neutral,6
TKT-90036,CUST-2782,ORD-11220,2026-06-09 11:00:00,Billing Dispute,neutral,14
TKT-90037,CUST-4781,ORD-11296,2026-06-10 11:00:00,Missing Item,neutral,8
TKT-90038,CUST-2743,ORD-11300,2026-06-10 11:00:00,Delivery SLA Breach,negative,21
TKT-90039,CUST-3264,ORD-11307,2026-06-10 11:00:00,Delivery SLA Breach,neutral,5
TKT-90040,CUST-5570,ORD-11361,2026-06-10 11:00:00,Billing Dispute,negative,13
TKT-90041,CUST-1501,ORD-11365,2026-06-10 11:00:00,Delivery SLA Breach,neutral,17
TKT-90042,CUST-7003,ORD-11370,2026-06-10 11:00:00,Missing Item,neutral,15
TKT-90043,CUST-1414,ORD-11434,2026-06-11 11:00:00,Defective Product,neutral,22
TKT-90044,CUST-1802,ORD-11439,2026-06-11 11:00:00,Delivery SLA Breach,negative,7
TKT-90045,CUST-5597,ORD-11471,2026-06-11 11:00:00,Missing Item,negative,5
TKT-90046,CUST-9093,ORD-11485,2026-06-11 11:00:00,Defective Product,neutral,8
TKT-90047,CUST-1161,ORD-11516,2026-06-12 11:00:00,Billing Dispute,negative,21
TKT-90048,CUST-2659,ORD-11553,2026-06-12 11:00:00,Missing Item,negative,24
TKT-90049,CUST-5292,ORD-11563,2026-06-12 11:00:00,Billing Dispute,negative,7
TKT-90050,CUST-7868,ORD-11567,2026-06-12 11:00:00,Billing Dispute,negative,24
TKT-90051,CUST-8268,ORD-11613,2026-06-12 11:00:00,Delivery SLA Breach,negative,8
TKT-90052,CUST-7659,ORD-11632,2026-06-12 11:00:00,Missing Item,negative,10
TKT-90053,CUST-6127,ORD-11678,2026-06-13 11:00:00,Missing Item,negative,21
TKT-90054,CUST-5461,ORD-11736,2026-06-13 11:00:00,Missing Item,neutral,8
TKT-90055,CUST-8027,ORD-11739,2026-06-13 11:00:00,Defective Product,neutral,4
TKT-90056,CUST-6408,ORD-11750,2026-06-13 11:00:00,Billing Dispute,neutral,9
TKT-90057,CUST-9564,ORD-11773,2026-06-13 11:00:00,Billing Dispute,negative,14
TKT-90058,CUST-2594,ORD-11824,2026-06-14 11:00:00,Billing Dispute,neutral,11
TKT-90059,CUST-3238,ORD-11828,2026-06-14 11:00:00,Delivery SLA Breach,neutral,7
TKT-90060,CUST-2415,ORD-11861,2026-06-14 11:00:00,Delivery SLA Breach,neutral,13
TKT-90061,CUST-8692,ORD-11870,2026-06-14 11:00:00,Missing Item,negative,19
TKT-90062,CUST-1408,ORD-11871,2026-06-14 11:00:00,Defective Product,negative,15
TKT-90063,CUST-1102,ORD-11903,2026-06-14 11:00:00,Missing Item,neutral,6
TKT-90064,CUST-1709,ORD-11919,2026-06-15 11:00:00,Defective Product,neutral,9
TKT-90065,CUST-6241,ORD-11921,2026-06-15 11:00:00,Billing Dispute,neutral,4
TKT-90066,CUST-1078,ORD-11962,2026-06-15 11:00:00,Defective Product,neutral,9
TKT-90067,CUST-9613,ORD-11970,2026-06-15 11:00:00,Missing Item,negative,6
TKT-90068,CUST-2882,ORD-12006,2026-06-15 11:00:00,Delivery SLA Breach,negative,23
TKT-90069,CUST-3199,ORD-12019,2026-06-15 11:00:00,Missing Item,negative,16
TKT-90070,CUST-8460,ORD-12028,2026-06-15 11:00:00,Delivery SLA Breach,negative,24
TKT-90071,CUST-9518,ORD-12089,2026-06-16 11:00:00,Defective Product,neutral,18
TKT-90072,CUST-9698,ORD-12105,2026-06-16 11:00:00,Delivery SLA Breach,negative,7
TKT-90073,CUST-2142,ORD-12145,2026-06-16 11:00:00,Missing Item,negative,10
TKT-90074,CUST-5512,ORD-12156,2026-06-16 11:00:00,Delivery SLA Breach,negative,9
TKT-90075,CUST-4545,ORD-12287,2026-06-17 11:00:00,Missing Item,neutral,16
TKT-90076,CUST-7177,ORD-12288,2026-06-17 11:00:00,Delivery SLA Breach,negative,23
TKT-90077,CUST-9871,ORD-12293,2026-06-17 11:00:00,Delivery SLA Breach,neutral,17
TKT-90078,CUST-2166,ORD-12298,2026-06-17 11:00:00,Billing Dispute,negative,21
TKT-90079,CUST-7111,ORD-12303,2026-06-17 11:00:00,Delivery SLA Breach,neutral,19
TKT-90080,CUST-9655,ORD-12355,2026-06-18 11:00:00,Missing Item,neutral,10
TKT-90081,CUST-1898,ORD-12361,2026-06-18 11:00:00,Defective Product,negative,16
TKT-90082,CUST-4051,ORD-12403,2026-06-18 11:00:00,Defective Product,neutral,24
TKT-90083,CUST-9431,ORD-12405,2026-06-18 11:00:00,Billing Dispute,neutral,18
TKT-90084,CUST-6937,ORD-12465,2026-06-18 11:00:00,Delivery SLA Breach,neutral,24
TKT-90085,CUST-2282,ORD-12491,2026-06-19 11:00:00,Defective Product,neutral,18
TKT-90086,CUST-7885,ORD-12580,2026-06-19 11:00:00,Billing Dispute,neutral,20
TKT-90087,CUST-3056,ORD-12585,2026-06-19 11:00:00,Missing Item,negative,9
TKT-90088,CUST-3526,ORD-12652,2026-06-20 11:00:00,Missing Item,neutral,10
TKT-90089,CUST-8109,ORD-12677,2026-06-20 11:00:00,Billing Dispute,negative,19
TKT-90090,CUST-5566,ORD-12685,2026-06-20 11:00:00,Billing Dispute,neutral,13
TKT-90091,CUST-3223,ORD-12757,2026-06-20 11:00:00,Missing Item,neutral,23
TKT-90092,CUST-5918,ORD-12858,2026-06-21 11:00:00,Missing Item,neutral,11
TKT-90093,CUST-9259,ORD-12902,2026-06-21 11:00:00,Missing Item,neutral,16
TKT-90094,CUST-4053,ORD-12951,2026-06-22 11:00:00,Defective Product,neutral,22
TKT-90095,CUST-6784,ORD-12969,2026-06-22 11:00:00,Defective Product,neutral,20
TKT-90096,CUST-6973,ORD-12990,2026-06-22 11:00:00,Billing Dispute,neutral,4
TKT-90097,CUST-1807,ORD-12994,2026-06-22 11:00:00,Delivery SLA Breach,neutral,4
TKT-90098,CUST-5789,ORD-13012,2026-06-22 11:00:00,Delivery SLA Breach,neutral,18
TKT-90099,CUST-8297,ORD-13108,2026-06-23 11:00:00,Defective Product,neutral,15
TKT-90100,CUST-5437,ORD-13168,2026-06-23 11:00:00,Defective Product,negative,5
TKT-90101,CUST-9839,ORD-13184,2026-06-23 11:00:00,Delivery SLA Breach,neutral,15
TKT-90102,CUST-5705,ORD-13190,2026-06-23 11:00:00,Billing Dispute,neutral,16
TKT-90103,CUST-8941,ORD-13194,2026-06-23 11:00:00,Missing Item,negative,6
TKT-90104,CUST-4943,ORD-13204,2026-06-24 11:00:00,Delivery SLA Breach,neutral,13
TKT-90105,CUST-8877,ORD-13237,2026-06-24 11:00:00,Billing Dispute,negative,13
TKT-90106,CUST-9370,ORD-13243,2026-06-24 11:00:00,Delivery SLA Breach,negative,24
TKT-90107,CUST-9306,ORD-13342,2026-06-25 11:00:00,Defective Product,neutral,11
TKT-90108,CUST-6643,ORD-13344,2026-06-25 11:00:00,Missing Item,negative,18
TKT-90109,CUST-9563,ORD-13347,2026-06-25 11:00:00,Delivery SLA Breach,negative,6
TKT-90110,CUST-1041,ORD-13367,2026-06-25 11:00:00,Billing Dispute,negative,14
TKT-90111,CUST-7611,ORD-13370,2026-06-25 11:00:00,Billing Dispute,neutral,14
TKT-90112,CUST-8559,ORD-13449,2026-06-25 11:00:00,Billing Dispute,negative,14
TKT-90113,CUST-7149,ORD-13495,2026-06-26 11:00:00,Missing Item,negative,8
TKT-90114,CUST-5751,ORD-13530,2026-06-26 11:00:00,Defective Product,negative,22
TKT-90115,CUST-2139,ORD-13531,2026-06-26 11:00:00,Missing Item,neutral,17
TKT-90116,CUST-4096,ORD-13544,2026-06-26 11:00:00,Missing Item,negative,5
TKT-90117,CUST-3300,ORD-13547,2026-06-26 11:00:00,Missing Item,neutral,22
TKT-90118,CUST-1604,ORD-13550,2026-06-26 11:00:00,Defective Product,negative,13
TKT-90119,CUST-3177,ORD-13575,2026-06-26 11:00:00,Defective Product,neutral,14
TKT-90120,CUST-4933,ORD-13588,2026-06-26 11:00:00,Billing Dispute,negative,24
TKT-90121,CUST-1497,ORD-13603,2026-06-26 11:00:00,Missing Item,negative,8
TKT-90122,CUST-1729,ORD-13671,2026-06-27 11:00:00,Defective Product,negative,9
TKT-90123,CUST-8731,ORD-13678,2026-06-27 11:00:00,Delivery SLA Breach,negative,22
TKT-90124,CUST-4342,ORD-13696,2026-06-27 11:00:00,Missing Item,neutral,9
TKT-90125,CUST-4948,ORD-13703,2026-06-27 11:00:00,Defective Product,neutral,6
TKT-90126,CUST-2024,ORD-13720,2026-06-27 11:00:00,Defective Product,neutral,6
TKT-90127,CUST-7704,ORD-13760,2026-06-28 11:00:00,Missing Item,negative,17
TKT-90128,CUST-3170,ORD-13780,2026-06-28 11:00:00,Missing Item,neutral,12
TKT-90129,CUST-2168,ORD-13819,2026-06-28 11:00:00,Delivery SLA Breach,neutral,8
TKT-90130,CUST-3170,ORD-13836,2026-06-28 11:00:00,Missing Item,neutral,24
TKT-90131,CUST-3246,ORD-13840,2026-06-28 11:00:00,Missing Item,negative,19
TKT-90132,CUST-6205,ORD-13859,2026-06-28 11:00:00,Missing Item,negative,11
TKT-90133,CUST-5259,ORD-13867,2026-06-29 11:00:00,Billing Dispute,neutral,16
TKT-90134,CUST-9595,ORD-13990,2026-06-30 11:00:00,Defective Product,neutral,15
TKT-90135,CUST-8693,ORD-14026,2026-06-30 11:00:00,Defective Product,neutral,8
TKT-90136,CUST-2546,ORD-14042,2026-06-30 11:00:00,Defective Product,negative,16
TKT-90137,CUST-7618,ORD-14071,2026-06-30 11:00:00,Billing Dispute,negative,15
TKT-90138,CUST-1738,ORD-14157,2026-07-01 11:00:00,Defective Product,negative,7
TKT-90139,CUST-3833,ORD-14166,2026-07-01 11:00:00,Delivery SLA Breach,neutral,16
TKT-90140,CUST-3784,ORD-14169,2026-07-01 11:00:00,Delivery SLA Breach,neutral,19
TKT-90141,CUST-1526,ORD-14186,2026-07-01 11:00:00,Defective Product,neutral,5
TKT-90142,CUST-9869,ORD-14187,2026-07-01 11:00:00,Billing Dispute,negative,22
TKT-90143,CUST-2405,ORD-14201,2026-07-01 11:00:00,Delivery SLA Breach,negative,12
TKT-90144,CUST-4117,ORD-14241,2026-07-01 11:00:00,Delivery SLA Breach,negative,20
TKT-90145,CUST-3566,ORD-14316,2026-07-02 11:00:00,Delivery SLA Breach,negative,9
TKT-90146,CUST-1738,ORD-14337,2026-07-02 11:00:00,Billing Dispute,negative,22
TKT-90147,CUST-1275,ORD-14350,2026-07-02 11:00:00,Billing Dispute,negative,12
TKT-90148,CUST-8995,ORD-14351,2026-07-02 11:00:00,Missing Item,negative,4
TKT-90149,CUST-4104,ORD-14384,2026-07-02 11:00:00,Billing Dispute,negative,15
TKT-90150,CUST-6748,ORD-14387,2026-07-02 11:00:00,Missing Item,negative,13
TKT-90151,CUST-4567,ORD-14426,2026-07-03 11:00:00,Missing Item,neutral,18
TKT-90152,CUST-9462,ORD-14464,2026-07-03 11:00:00,Delivery SLA Breach,neutral,4
TKT-90153,CUST-8919,ORD-14495,2026-07-03 11:00:00,Delivery SLA Breach,neutral,9
TKT-90154,CUST-5857,ORD-14499,2026-07-03 11:00:00,Defective Product,negative,18
TKT-90155,CUST-4219,ORD-14507,2026-07-03 11:00:00,Delivery SLA Breach,negative,23
TKT-90156,CUST-2446,ORD-14533,2026-07-03 11:00:00,Delivery SLA Breach,negative,21
TKT-90157,CUST-5363,ORD-14547,2026-07-04 11:00:00,Delivery SLA Breach,negative,9
TKT-90158,CUST-9274,ORD-14552,2026-07-04 11:00:00,Delivery SLA Breach,negative,19
TKT-90159,CUST-6010,ORD-14582,2026-07-04 11:00:00,Billing Dispute,negative,9
TKT-90160,CUST-1493,ORD-14624,2026-07-04 11:00:00,Delivery SLA Breach,negative,17
TKT-90161,CUST-1816,ORD-14649,2026-07-04 11:00:00,Delivery SLA Breach,negative,10
TKT-90162,CUST-9465,ORD-14661,2026-07-04 11:00:00,Defective Product,neutral,15
TKT-90163,CUST-7642,ORD-14684,2026-07-05 11:00:00,Defective Product,neutral,20
TKT-90164,CUST-7307,ORD-14692,2026-07-05 11:00:00,Delivery SLA Breach,negative,21
TKT-90165,CUST-3967,ORD-14710,2026-07-05 11:00:00,Missing Item,negative,12
TKT-90166,CUST-8448,ORD-14786,2026-07-05 11:00:00,Delivery SLA Breach,negative,12
TKT-90167,CUST-5761,ORD-14792,2026-07-05 11:00:00,Defective Product,negative,8
TKT-90168,CUST-8219,ORD-14795,2026-07-05 11:00:00,Delivery SLA Breach,negative,17
TKT-90169,CUST-6457,ORD-14803,2026-07-05 11:00:00,Billing Dispute,negative,6
TKT-90170,CUST-7845,ORD-14827,2026-07-06 11:00:00,Defective Product,negative,10
TKT-90171,CUST-1774,ORD-14830,2026-07-06 11:00:00,Billing Dispute,neutral,14
TKT-90172,CUST-1292,ORD-14871,2026-07-06 11:00:00,Billing Dispute,negative,23
TKT-90173,CUST-2012,ORD-14927,2026-07-06 11:00:00,Billing Dispute,negative,14
TKT-90174,CUST-5213,ORD-14945,2026-07-06 11:00:00,Delivery SLA Breach,neutral,16
TKT-90175,CUST-8250,ORD-14992,2026-07-07 11:00:00,Missing Item,neutral,11
TKT-90176,CUST-8730,ORD-15008,2026-07-07 11:00:00,Billing Dispute,neutral,17
TKT-90177,CUST-9065,ORD-15043,2026-07-07 11:00:00,Missing Item,neutral,17
TKT-90178,CUST-4484,ORD-15060,2026-07-07 11:00:00,Delivery SLA Breach,neutral,23
TKT-90179,CUST-9871,ORD-15073,2026-07-07 11:00:00,Missing Item,negative,21
TKT-90180,CUST-8301,ORD-15088,2026-07-07 11:00:00,Delivery SLA Breach,negative,16
TKT-90181,CUST-3714,ORD-15097,2026-07-08 11:00:00,Delivery SLA Breach,neutral,9
TKT-90182,CUST-4229,ORD-15110,2026-07-08 11:00:00,Billing Dispute,neutral,9
TKT-90183,CUST-8670,ORD-15116,2026-07-08 11:00:00,Missing Item,neutral,19
TKT-90184,CUST-8499,ORD-15155,2026-07-08 11:00:00,Defective Product,negative,12
TKT-90185,CUST-2031,ORD-15184,2026-07-08 11:00:00,Defective Product,neutral,15
TKT-90186,CUST-7857,ORD-15192,2026-07-08 11:00:00,Defective Product,neutral,16
TKT-90187,CUST-7839,ORD-15206,2026-07-08 11:00:00,Missing Item,neutral,13
TKT-90188,CUST-5443,ORD-15225,2026-07-08 11:00:00,Delivery SLA Breach,neutral,9
TKT-90189,CUST-9468,ORD-15245,2026-07-09 11:00:00,Billing Dispute,neutral,6
TKT-90190,CUST-2495,ORD-15251,2026-07-09 11:00:00,Billing Dispute,neutral,10
TKT-90191,CUST-5141,ORD-15285,2026-07-09 11:00:00,Defective Product,neutral,13
TKT-90192,CUST-8754,ORD-15307,2026-07-09 11:00:00,Defective Product,negative,6
TKT-90193,CUST-9454,ORD-15319,2026-07-09 11:00:00,Billing Dispute,neutral,11
TKT-90194,CUST-2624,ORD-15342,2026-07-09 11:00:00,Delivery SLA Breach,neutral,5
TKT-90195,CUST-8380,ORD-15371,2026-07-10 11:00:00,Delivery SLA Breach,negative,24
TKT-90196,CUST-1586,ORD-15428,2026-07-10 11:00:00,Billing Dispute,negative,18
TKT-90197,CUST-1266,ORD-15464,2026-07-10 11:00:00,Billing Dispute,negative,17
TKT-90198,CUST-1611,ORD-15467,2026-07-10 11:00:00,Defective Product,negative,24
TKT-90199,CUST-7588,ORD-15500,2026-07-11 11:00:00,Defective Product,negative,22
TKT-90200,CUST-6604,ORD-15534,2026-07-11 11:00:00,Missing Item,negative,11
TKT-90201,CUST-6580,ORD-15608,2026-07-11 11:00:00,Billing Dispute,negative,5
TKT-90202,CUST-5995,ORD-15616,2026-07-11 11:00:00,Defective Product,negative,12
TKT-90203,CUST-4075,ORD-15649,2026-07-12 11:00:00,Billing Dispute,negative,21
TKT-90204,CUST-6979,ORD-15660,2026-07-12 11:00:00,Missing Item,neutral,10
TKT-90205,CUST-3350,ORD-15661,2026-07-12 11:00:00,Billing Dispute,negative,8
TKT-90206,CUST-9353,ORD-15682,2026-07-12 11:00:00,Missing Item,neutral,7
TKT-90207,CUST-8486,ORD-15714,2026-07-12 11:00:00,Missing Item,negative,20
TKT-90208,CUST-1252,ORD-15721,2026-07-12 11:00:00,Missing Item,negative,21
TKT-90209,CUST-7652,ORD-15737,2026-07-12 11:00:00,Missing Item,negative,10
TKT-90210,CUST-2031,ORD-15752,2026-07-12 11:00:00,Defective Product,negative,7
TKT-90211,CUST-6964,ORD-15783,2026-07-13 11:00:00,Billing Dispute,negative,11
TKT-90212,CUST-5809,ORD-15791,2026-07-13 11:00:00,Billing Dispute,negative,11
TKT-90213,CUST-3796,ORD-15795,2026-07-13 11:00:00,Defective Product,neutral,7
TKT-90214,CUST-1168,ORD-15865,2026-07-13 11:00:00,Billing Dispute,negative,19
TKT-90215,CUST-3922,ORD-15969,2026-07-14 11:00:00,Delivery SLA Breach,negative,17
TKT-90216,CUST-3441,ORD-15978,2026-07-14 11:00:00,Missing Item,neutral,19
TKT-90217,CUST-6897,ORD-16002,2026-07-14 11:00:00,Delivery SLA Breach,negative,12
TKT-90218,CUST-3621,ORD-16005,2026-07-14 11:00:00,Defective Product,neutral,17
TKT-90219,CUST-9902,ORD-16009,2026-07-14 11:00:00,Defective Product,neutral,8
TKT-90220,CUST-7311,ORD-16074,2026-07-15 11:00:00,Missing Item,negative,8
TKT-90221,CUST-2265,ORD-16091,2026-07-15 11:00:00,Missing Item,neutral,16
TKT-90222,CUST-3609,ORD-16110,2026-07-15 11:00:00,Defective Product,neutral,7
TKT-90223,CUST-5572,ORD-16117,2026-07-15 11:00:00,Delivery SLA Breach,negative,11
TKT-90224,CUST-4584,ORD-16156,2026-07-15 11:00:00,Defective Product,negative,21
TKT-90225,CUST-7539,ORD-16160,2026-07-15 11:00:00,Missing Item,negative,20
TKT-90226,CUST-8212,ORD-16264,2026-07-16 11:00:00,Defective Product,negative,12
TKT-90227,CUST-5560,ORD-16270,2026-07-16 11:00:00,Billing Dispute,neutral,8
TKT-90228,CUST-9746,ORD-16295,2026-07-16 11:00:00,Billing Dispute,negative,14
TKT-90229,CUST-2533,ORD-16312,2026-07-16 11:00:00,Billing Dispute,neutral,22
TKT-90230,CUST-6359,ORD-16324,2026-07-16 11:00:00,Billing Dispute,neutral,23
TKT-90231,CUST-8184,ORD-16340,2026-07-16 11:00:00,Delivery SLA Breach,neutral,18
TKT-90232,CUST-9711,ORD-16440,2026-07-17 11:00:00,Billing Dispute,negative,24
TKT-90233,CUST-9568,ORD-16518,2026-07-18 11:00:00,Delivery SLA Breach,neutral,18
TKT-90234,CUST-6494,ORD-16548,2026-07-18 11:00:00,Billing Dispute,negative,5
TKT-90235,CUST-8456,ORD-16552,2026-07-18 11:00:00,Defective Product,neutral,6
TKT-90236,CUST-5520,ORD-16630,2026-07-18 11:00:00,Billing Dispute,negative,19
TKT-90237,CUST-1586,ORD-16644,2026-07-19 11:00:00,Billing Dispute,neutral,18
TKT-90238,CUST-9078,ORD-16724,2026-07-19 11:00:00,Delivery SLA Breach,negative,13
TKT-90239,CUST-7979,ORD-16763,2026-07-20 11:00:00,Defective Product,neutral,23
TKT-90240,CUST-8800,ORD-16768,2026-07-20 11:00:00,Billing Dispute,negative,13
TKT-90241,CUST-7689,ORD-16777,2026-07-20 11:00:00,Delivery SLA Breach,neutral,19
TKT-90242,CUST-4971,ORD-16796,2026-07-20 11:00:00,Delivery SLA Breach,negative,20
TKT-90243,CUST-4793,ORD-16799,2026-07-20 11:00:00,Delivery SLA Breach,neutral,19
TKT-90244,CUST-8389,ORD-16839,2026-07-20 11:00:00,Delivery SLA Breach,negative,22
TKT-90245,CUST-4662,ORD-16882,2026-07-20 11:00:00,Missing Item,negative,15
TKT-90246,CUST-4138,ORD-16899,2026-07-21 11:00:00,Delivery SLA Breach,neutral,18
TKT-90247,CUST-5770,ORD-16939,2026-07-21 11:00:00,Defective Product,neutral,6
TKT-90248,CUST-4222,ORD-16941,2026-07-21 11:00:00,Defective Product,neutral,6
TKT-90249,CUST-5963,ORD-16942,2026-07-21 11:00:00,Billing Dispute,neutral,21
TKT-90250,CUST-9485,ORD-16964,2026-07-21 11:00:00,Missing Item,negative,8
TKT-90251,CUST-3209,ORD-16967,2026-07-21 11:00:00,Missing Item,negative,21
TKT-90252,CUST-1217,ORD-17007,2026-07-21 11:00:00,Defective Product,neutral,10
TKT-90253,CUST-6083,ORD-17068,2026-07-22 11:00:00,Defective Product,negative,20
TKT-90254,CUST-2985,ORD-17087,2026-07-22 11:00:00,Delivery SLA Breach,neutral,8
TKT-90255,CUST-1039,ORD-17092,2026-07-22 11:00:00,Defective Product,negative,14
TKT-90256,CUST-9222,ORD-17119,2026-07-22 11:00:00,Missing Item,neutral,16
TKT-90257,CUST-3039,ORD-17198,2026-07-23 11:00:00,Defective Product,negative,17
TKT-90258,CUST-3378,ORD-17234,2026-07-23 11:00:00,Billing Dispute,neutral,20
TKT-90259,CUST-5760,ORD-17247,2026-07-23 11:00:00,Defective Product,neutral,20
TKT-90260,CUST-7335,ORD-17250,2026-07-23 11:00:00,Billing Dispute,negative,13
TKT-90261,CUST-2386,ORD-17274,2026-07-23 11:00:00,Billing Dispute,neutral,13
TKT-90262,CUST-1164,ORD-17280,2026-07-23 11:00:00,Delivery SLA Breach,negative,18
TKT-90263,CUST-5225,ORD-17301,2026-07-23 11:00:00,Missing Item,neutral,10
TKT-90264,CUST-1401,ORD-17348,2026-07-24 11:00:00,Missing Item,negative,10
TKT-90265,CUST-5599,ORD-17390,2026-07-24 11:00:00,Defective Product,negative,9
TKT-90266,CUST-1848,ORD-17393,2026-07-24 11:00:00,Defective Product,negative,9
TKT-90267,CUST-1578,ORD-17466,2026-07-25 11:00:00,Billing Dispute,neutral,9
TKT-90268,CUST-1698,ORD-17484,2026-07-25 11:00:00,Defective Product,negative,16
TKT-90269,CUST-4880,ORD-17488,2026-07-25 11:00:00,Missing Item,negative,5
TKT-90270,CUST-7052,ORD-17517,2026-07-25 11:00:00,Delivery SLA Breach,negative,22
TKT-90271,CUST-2085,ORD-17525,2026-07-25 11:00:00,Delivery SLA Breach,negative,4
TKT-90272,CUST-3175,ORD-17527,2026-07-25 11:00:00,Defective Product,negative,4
TKT-90273,CUST-3206,ORD-17578,2026-07-26 11:00:00,Missing Item,negative,23
TKT-90274,CUST-9464,ORD-17583,2026-07-26 11:00:00,Billing Dispute,negative,18
TKT-90275,CUST-2752,ORD-17605,2026-07-26 11:00:00,Missing Item,neutral,5
TKT-90276,CUST-8063,ORD-17684,2026-07-26 11:00:00,Defective Product,neutral,22
TKT-90277,CUST-5180,ORD-17698,2026-07-26 11:00:00,Delivery SLA Breach,neutral,17
TKT-90278,CUST-3807,ORD-17721,2026-07-26 11:00:00,Missing Item,negative,11
TKT-90279,CUST-5209,ORD-17728,2026-07-27 11:00:00,Defective Product,negative,23
TKT-90280,CUST-6507,ORD-17743,2026-07-27 11:00:00,Delivery SLA Breach,negative,19
TKT-90281,CUST-6340,ORD-17804,2026-07-27 11:00:00,Billing Dispute,neutral,13
TKT-90282,CUST-6420,ORD-17808,2026-07-27 11:00:00,Missing Item,neutral,9
TKT-90283,CUST-5805,ORD-17828,2026-07-27 11:00:00,Delivery SLA Breach,negative,10
TKT-90284,CUST-5018,ORD-17843,2026-07-27 11:00:00,Delivery SLA Breach,negative,6
TKT-90285,CUST-9151,ORD-17846,2026-07-27 11:00:00,Billing Dispute,neutral,10
TKT-90286,CUST-9345,ORD-17882,2026-07-28 11:00:00,Missing Item,negative,24
TKT-90287,CUST-8191,ORD-17915,2026-07-28 11:00:00,Delivery SLA Breach,negative,22
TKT-90288,CUST-3338,ORD-17922,2026-07-28 11:00:00,Defective Product,neutral,12
TKT-90289,CUST-1416,ORD-17930,2026-07-28 11:00:00,Defective Product,negative,13
TKT-90290,CUST-5540,ORD-17959,2026-07-28 11:00:00,Defective Product,neutral,18
TKT-90291,CUST-5884,ORD-18006,2026-07-28 11:00:00,Billing Dispute,neutral,14
TKT-90292,CUST-9827,ORD-18046,2026-07-29 11:00:00,Missing Item,negative,18
TKT-90293,CUST-7856,ORD-18055,2026-07-29 11:00:00,Billing Dispute,neutral,22
TKT-90294,CUST-2511,ORD-18078,2026-07-29 11:00:00,Delivery SLA Breach,negative,9
TKT-90295,CUST-9786,ORD-18085,2026-07-29 11:00:00,Missing Item,negative,24
TKT-90296,CUST-6154,ORD-18096,2026-07-29 11:00:00,Defective Product,neutral,18
TKT-90297,CUST-2430,ORD-18098,2026-07-29 11:00:00,Billing Dispute,negative,5
TKT-90298,CUST-5895,ORD-18107,2026-07-29 11:00:00,Missing Item,negative,5
TKT-90299,CUST-5035,ORD-18133,2026-07-29 11:00:00,Missing Item,neutral,20
TKT-90300,CUST-4237,ORD-18168,2026-07-29 11:00:00,Delivery SLA Breach,neutral,5
TKT-90301,CUST-1397,ORD-18203,2026-07-30 11:00:00,Missing Item,neutral,12
TKT-90302,CUST-5115,ORD-18240,2026-07-30 11:00:00,Missing Item,neutral,5
TKT-90303,CUST-3427,ORD-18309,2026-07-30 11:00:00,Defective Product,negative,21
TKT-90304,CUST-3402,ORD-18344,2026-07-31 11:00:00,Delivery SLA Breach,neutral,11
TKT-90305,CUST-4540,ORD-18446,2026-07-31 11:00:00,Delivery SLA Breach,neutral,14
TKT-90306,CUST-1668,ORD-18513,2026-08-01 11:00:00,Delivery SLA Breach,negative,16
TKT-90307,CUST-5937,ORD-18528,2026-08-01 11:00:00,Delivery SLA Breach,neutral,14
TKT-90308,CUST-5969,ORD-18535,2026-08-01 11:00:00,Billing Dispute,negative,19
TKT-90309,CUST-2566,ORD-18542,2026-08-01 11:00:00,Defective Product,neutral,11
TKT-90310,CUST-7046,ORD-18547,2026-08-01 11:00:00,Missing Item,negative,11
TKT-90311,CUST-8308,ORD-18550,2026-08-01 11:00:00,Delivery SLA Breach,negative,23
TKT-90312,CUST-9363,ORD-18667,2026-08-02 11:00:00,Delivery SLA Breach,negative,24
TKT-90313,CUST-4198,ORD-18669,2026-08-02 11:00:00,Billing Dispute,neutral,23
TKT-90314,CUST-3727,ORD-18737,2026-08-02 11:00:00,Billing Dispute,negative,12
TKT-90315,CUST-9171,ORD-18756,2026-08-02 11:00:00,Missing Item,neutral,14
TKT-90316,CUST-5517,ORD-18766,2026-08-02 11:00:00,Delivery SLA Breach,neutral,18
TKT-90317,CUST-6574,ORD-18796,2026-08-03 11:00:00,Delivery SLA Breach,negative,22
TKT-90318,CUST-9625,ORD-18797,2026-08-03 11:00:00,Billing Dispute,negative,8
TKT-90319,CUST-2255,ORD-18817,2026-08-03 11:00:00,Missing Item,negative,24
TKT-90320,CUST-8604,ORD-18820,2026-08-03 11:00:00,Delivery SLA Breach,negative,24
TKT-90321,CUST-1229,ORD-18832,2026-08-03 11:00:00,Billing Dispute,neutral,12
TKT-90322,CUST-8490,ORD-18840,2026-08-03 11:00:00,Missing Item,negative,9
TKT-90323,CUST-6720,ORD-18908,2026-08-03 11:00:00,Defective Product,neutral,9
TKT-90324,CUST-5687,ORD-18971,2026-08-04 11:00:00,Defective Product,neutral,8
TKT-90325,CUST-4142,ORD-19051,2026-08-04 11:00:00,Delivery SLA Breach,neutral,10
TKT-90326,CUST-6353,ORD-19059,2026-08-04 11:00:00,Delivery SLA Breach,neutral,12
TKT-90327,CUST-9854,ORD-19066,2026-08-04 11:00:00,Delivery SLA Breach,negative,22
TKT-90328,CUST-6042,ORD-19089,2026-08-05 11:00:00,Billing Dispute,neutral,19
TKT-90329,CUST-8825,ORD-19091,2026-08-05 14:30:00,Delivery SLA Breach,negative,44
TKT-90330,CUST-9924,ORD-19105,2026-08-05 11:00:00,Missing Item,neutral,6
TKT-90331,CUST-9607,ORD-19159,2026-08-05 11:00:00,Delivery SLA Breach,negative,11
TKT-90332,CUST-7368,ORD-19167,2026-08-05 11:00:00,Missing Item,negative,6
TKT-90333,CUST-3915,ORD-19182,2026-08-05 14:30:00,Delivery SLA Breach,negative,40
TKT-90334,CUST-8899,ORD-19216,2026-08-05 14:30:00,Delivery SLA Breach,negative,59
TKT-90335,CUST-5948,ORD-19217,2026-08-06 14:30:00,Delivery SLA Breach,negative,32
TKT-90336,CUST-3708,ORD-19222,2026-08-06 14:30:00,Delivery SLA Breach,negative,48
TKT-90337,CUST-6727,ORD-19233,2026-08-06 11:00:00,Billing Dispute,negative,22
TKT-90338,CUST-5719,ORD-19235,2026-08-06 11:00:00,Defective Product,negative,18
TKT-90339,CUST-7222,ORD-19247,2026-08-06 11:00:00,Delivery SLA Breach,negative,23
TKT-90340,CUST-3841,ORD-19258,2026-08-06 14:30:00,Delivery SLA Breach,negative,56
TKT-90341,CUST-5258,ORD-19298,2026-08-06 14:30:00,Delivery SLA Breach,negative,59
TKT-90342,CUST-9404,ORD-19302,2026-08-06 11:00:00,Delivery SLA Breach,negative,20
TKT-90343,CUST-9393,ORD-19316,2026-08-06 14:30:00,Delivery SLA Breach,negative,71
TKT-90344,CUST-4630,ORD-19342,2026-08-07 11:00:00,Billing Dispute,negative,4
TKT-90345,CUST-7458,ORD-19348,2026-08-07 11:00:00,Delivery SLA Breach,neutral,7
TKT-90346,CUST-8089,ORD-19368,2026-08-07 14:30:00,Delivery SLA Breach,negative,24
TKT-90347,CUST-6952,ORD-19374,2026-08-07 14:30:00,Delivery SLA Breach,negative,63
TKT-90348,CUST-1550,ORD-19383,2026-08-07 11:00:00,Defective Product,negative,14
TKT-90349,CUST-6659,ORD-19429,2026-08-07 14:30:00,Delivery SLA Breach,negative,24
TKT-90350,CUST-2626,ORD-19486,2026-08-07 11:00:00,Billing Dispute,neutral,16
TKT-90351,CUST-4176,ORD-19515,2026-08-08 14:30:00,Delivery SLA Breach,negative,40
TKT-90352,CUST-5764,ORD-19533,2026-08-08 11:00:00,Defective Product,neutral,13
TKT-90353,CUST-8861,ORD-19565,2026-08-08 11:00:00,Delivery SLA Breach,neutral,19
TKT-90354,CUST-4422,ORD-19571,2026-08-08 11:00:00,Billing Dispute,negative,10
TKT-90355,CUST-2621,ORD-19577,2026-08-08 14:30:00,Delivery SLA Breach,negative,60
TKT-90356,CUST-9153,ORD-19596,2026-08-08 11:00:00,Billing Dispute,neutral,19
TKT-90357,CUST-7209,ORD-19604,2026-08-08 11:00:00,Billing Dispute,neutral,10
TKT-90358,CUST-5695,ORD-19617,2026-08-08 11:00:00,Billing Dispute,neutral,21
TKT-90359,CUST-6224,ORD-19628,2026-08-08 11:00:00,Billing Dispute,negative,24
TKT-90360,CUST-8773,ORD-19676,2026-08-09 14:30:00,Delivery SLA Breach,negative,49
TKT-90361,CUST-9878,ORD-19681,2026-08-09 11:00:00,Defective Product,negative,14
TKT-90362,CUST-8726,ORD-19720,2026-08-09 11:00:00,Defective Product,neutral,16
TKT-90363,CUST-1853,ORD-19721,2026-08-09 14:30:00,Delivery SLA Breach,negative,55
TKT-90364,CUST-4449,ORD-19735,2026-08-09 14:30:00,Delivery SLA Breach,negative,38
TKT-90365,CUST-7280,ORD-19738,2026-08-09 14:30:00,Delivery SLA Breach,negative,26
TKT-90366,CUST-1919,ORD-19743,2026-08-09 11:00:00,Delivery SLA Breach,neutral,23
TKT-90367,CUST-7492,ORD-19752,2026-08-09 11:00:00,Billing Dispute,neutral,17
TKT-90368,CUST-8259,ORD-19796,2026-08-09 11:00:00,Delivery SLA Breach,neutral,21
TKT-90369,CUST-4686,ORD-19815,2026-08-10 11:00:00,Defective Product,neutral,10
TKT-90370,CUST-7680,ORD-19834,2026-08-10 11:00:00,Defective Product,negative,20
TKT-90371,CUST-9271,ORD-19835,2026-08-10 11:00:00,Missing Item,negative,13
TKT-90372,CUST-1524,ORD-19839,2026-08-10 14:30:00,Delivery SLA Breach,negative,65
TKT-90373,CUST-2694,ORD-19853,2026-08-10 14:30:00,Delivery SLA Breach,negative,65
TKT-90374,CUST-1029,ORD-19876,2026-08-10 11:00:00,Billing Dispute,neutral,21
TKT-90375,CUST-5341,ORD-19884,2026-08-10 14:30:00,Delivery SLA Breach,negative,50
TKT-90376,CUST-3020,ORD-19935,2026-08-10 11:00:00,Missing Item,negative,13
TKT-90377,CUST-5992,ORD-19952,2026-08-10 11:00:00,Defective Product,neutral,7
TKT-90378,CUST-1080,ORD-19964,2026-08-11 11:00:00,Missing Item,neutral,10
TKT-90379,CUST-5369,ORD-19998,2026-08-11 14:30:00,Delivery SLA Breach,negative,57
TKT-90380,CUST-5016,ORD-20005,2026-08-11 11:00:00,Delivery SLA Breach,negative,14
TKT-90381,CUST-4996,ORD-20018,2026-08-11 11:00:00,Missing Item,negative,24
TKT-90382,CUST-1560,ORD-20021,2026-08-11 14:30:00,Delivery SLA Breach,negative,58
TKT-90383,CUST-5588,ORD-20078,2026-08-11 11:00:00,Billing Dispute,negative,14
TKT-90384,CUST-2730,ORD-20091,2026-08-12 14:30:00,Delivery SLA Breach,negative,66
TKT-90385,CUST-7132,ORD-20108,2026-08-12 11:00:00,Billing Dispute,negative,24
TKT-90386,CUST-7443,ORD-20174,2026-08-12 14:30:00,Delivery SLA Breach,negative,37
TKT-90387,CUST-1622,ORD-20203,2026-08-12 11:00:00,Delivery SLA Breach,neutral,14
TKT-90388,CUST-2341,ORD-20204,2026-08-12 11:00:00,Delivery SLA Breach,neutral,24
TKT-90389,CUST-1343,ORD-20205,2026-08-12 11:00:00,Missing Item,neutral,22
TKT-90390,CUST-3603,ORD-20206,2026-08-12 11:00:00,Missing Item,negative,9
TKT-90391,CUST-2190,ORD-20246,2026-08-13 11:00:00,Defective Product,neutral,12
TKT-90392,CUST-7768,ORD-20264,2026-08-13 14:30:00,Delivery SLA Breach,negative,66
TKT-90393,CUST-7510,ORD-20269,2026-08-13 11:00:00,Billing Dispute,neutral,22
TKT-90394,CUST-9437,ORD-20273,2026-08-13 11:00:00,Defective Product,negative,15
TKT-90395,CUST-6387,ORD-20278,2026-08-13 11:00:00,Defective Product,negative,22
TKT-90396,CUST-8101,ORD-20299,2026-08-13 11:00:00,Defective Product,negative,12
TKT-90397,CUST-2741,ORD-20304,2026-08-13 14:30:00,Delivery SLA Breach,negative,55
TKT-90398,CUST-1544,ORD-20314,2026-08-13 11:00:00,Billing Dispute,negative,12
TKT-90399,CUST-3379,ORD-20322,2026-08-13 11:00:00,Billing Dispute,negative,20
TKT-90400,CUST-2822,ORD-20323,2026-08-13 11:00:00,Defective Product,negative,20
TKT-90401,CUST-3712,ORD-20332,2026-08-13 11:00:00,Missing Item,neutral,24
TKT-90402,CUST-5715,ORD-20351,2026-08-13 11:00:00,Missing Item,negative,21
TKT-90403,CUST-2778,ORD-20363,2026-08-13 11:00:00,Delivery SLA Breach,neutral,14
TKT-90404,CUST-3764,ORD-20393,2026-08-14 11:00:00,Defective Product,negative,15
TKT-90405,CUST-5277,ORD-20402,2026-08-14 14:30:00,Delivery SLA Breach,negative,42
TKT-90406,CUST-4938,ORD-20426,2026-08-14 11:00:00,Delivery SLA Breach,neutral,4
TKT-90407,CUST-4922,ORD-20440,2026-08-14 11:00:00,Missing Item,neutral,18
TKT-90408,CUST-5325,ORD-20447,2026-08-14 11:00:00,Defective Product,neutral,21
TKT-90409,CUST-3923,ORD-20458,2026-08-14 11:00:00,Delivery SLA Breach,neutral,12
TKT-90410,CUST-6512,ORD-20461,2026-08-14 14:30:00,Delivery SLA Breach,negative,70
TKT-90411,CUST-4981,ORD-20469,2026-08-14 14:30:00,Delivery SLA Breach,negative,49
TKT-90412,CUST-5606,ORD-20490,2026-08-14 11:00:00,Billing Dispute,negative,16
TKT-90413,CUST-2061,ORD-20512,2026-08-15 11:00:00,Delivery SLA Breach,negative,16
TKT-90414,CUST-9824,ORD-20514,2026-08-15 11:00:00,Delivery SLA Breach,neutral,24
TKT-90415,CUST-9031,ORD-20535,2026-08-15 11:00:00,Billing Dispute,neutral,8
TKT-90416,CUST-6316,ORD-20539,2026-08-15 11:00:00,Delivery SLA Breach,neutral,15
TKT-90417,CUST-1265,ORD-20545,2026-08-15 11:00:00,Delivery SLA Breach,negative,19
TKT-90418,CUST-3423,ORD-20548,2026-08-15 14:30:00,Delivery SLA Breach,negative,31
TKT-90419,CUST-5003,ORD-20552,2026-08-15 11:00:00,Delivery SLA Breach,negative,24
TKT-90420,CUST-8840,ORD-20554,2026-08-15 14:30:00,Delivery SLA Breach,negative,44
TKT-90421,CUST-1795,ORD-20575,2026-08-15 14:30:00,Delivery SLA Breach,negative,37
TKT-90422,CUST-3883,ORD-20580,2026-08-15 11:00:00,Missing Item,neutral,18
TKT-90423,CUST-3296,ORD-20584,2026-08-15 11:00:00,Delivery SLA Breach,neutral,15
TKT-90424,CUST-3823,ORD-20588,2026-08-15 14:30:00,Delivery SLA Breach,negative,72
TKT-90425,CUST-1301,ORD-20606,2026-08-15 14:30:00,Delivery SLA Breach,negative,58
TKT-90426,CUST-3167,ORD-20608,2026-08-15 11:00:00,Delivery SLA Breach,neutral,19
TKT-90427,CUST-3698,ORD-20652,2026-08-15 14:30:00,Delivery SLA Breach,negative,39
TKT-90428,CUST-3545,ORD-20667,2026-08-16 11:00:00,Defective Product,neutral,16
TKT-90429,CUST-8283,ORD-20693,2026-08-16 14:30:00,Delivery SLA Breach,negative,53
TKT-90430,CUST-6231,ORD-20696,2026-08-16 11:00:00,Delivery SLA Breach,neutral,18
TKT-90431,CUST-4644,ORD-20699,2026-08-16 11:00:00,Delivery SLA Breach,negative,18
TKT-90432,CUST-8270,ORD-20700,2026-08-16 11:00:00,Defective Product,neutral,20
TKT-90433,CUST-2769,ORD-20705,2026-08-16 11:00:00,Missing Item,neutral,12
TKT-90434,CUST-9334,ORD-20712,2026-08-16 11:00:00,Defective Product,negative,24
TKT-90435,CUST-9671,ORD-20713,2026-08-16 11:00:00,Billing Dispute,negative,6
TKT-90436,CUST-6194,ORD-20732,2026-08-16 11:00:00,Defective Product,negative,19
TKT-90437,CUST-9771,ORD-20762,2026-08-16 11:00:00,Billing Dispute,neutral,16
TKT-90438,CUST-3757,ORD-20780,2026-08-17 11:00:00,Defective Product,negative,18
TKT-90439,CUST-6783,ORD-20782,2026-08-17 14:30:00,Delivery SLA Breach,negative,28
TKT-90440,CUST-9565,ORD-20798,2026-08-17 14:30:00,Delivery SLA Breach,negative,35
TKT-90441,CUST-4458,ORD-20842,2026-08-17 11:00:00,Billing Dispute,negative,23
TKT-90442,CUST-7315,ORD-20871,2026-08-17 11:00:00,Billing Dispute,neutral,19
TKT-90443,CUST-4405,ORD-20894,2026-08-17 11:00:00,Missing Item,neutral,14
TKT-90444,CUST-8028,ORD-20908,2026-08-17 14:30:00,Delivery SLA Breach,negative,46
TKT-90445,CUST-9561,ORD-20914,2026-08-17 14:30:00,Delivery SLA Breach,negative,64
TKT-90446,CUST-7529,ORD-20923,2026-08-17 11:00:00,Missing Item,negative,6
TKT-90447,CUST-8298,ORD-20949,2026-08-18 14:30:00,Delivery SLA Breach,negative,33
TKT-90448,CUST-3865,ORD-21013,2026-08-18 11:00:00,Billing Dispute,neutral,9
TKT-90449,CUST-5837,ORD-21035,2026-08-18 11:00:00,Delivery SLA Breach,negative,10
TKT-90450,CUST-2653,ORD-21062,2026-08-18 11:00:00,Billing Dispute,negative,13
TKT-90451,CUST-2973,ORD-21068,2026-08-18 11:00:00,Missing Item,neutral,24
TKT-90452,CUST-3508,ORD-21095,2026-08-19 11:00:00,Defective Product,neutral,14
TKT-90453,CUST-3315,ORD-21113,2026-08-19 14:30:00,Delivery SLA Breach,negative,68
TKT-90454,CUST-4191,ORD-21137,2026-08-19 11:00:00,Defective Product,negative,9
TKT-90455,CUST-8896,ORD-21183,2026-08-19 14:30:00,Delivery SLA Breach,negative,39
TKT-90456,CUST-9830,ORD-21196,2026-08-19 11:00:00,Missing Item,neutral,23
TKT-90457,CUST-7265,ORD-21213,2026-08-19 11:00:00,Billing Dispute,negative,9
TKT-90458,CUST-6878,ORD-21214,2026-08-19 14:30:00,Delivery SLA Breach,negative,24
TKT-90459,CUST-8457,ORD-21258,2026-08-20 14:30:00,Delivery SLA Breach,negative,31
TKT-90460,CUST-8691,ORD-21282,2026-08-20 11:00:00,Billing Dispute,negative,19
TKT-90461,CUST-1808,ORD-21290,2026-08-20 14:30:00,Delivery SLA Breach,negative,24
TKT-90462,CUST-6614,ORD-21318,2026-08-20 11:00:00,Defective Product,neutral,21
TKT-90463,CUST-8097,ORD-21321,2026-08-20 14:30:00,Delivery SLA Breach,negative,63
TKT-90464,CUST-5756,ORD-21348,2026-08-20 14:30:00,Delivery SLA Breach,negative,38
TKT-90465,CUST-1705,ORD-21361,2026-08-21 14:30:00,Delivery SLA Breach,negative,51
TKT-90466,CUST-6862,ORD-21368,2026-08-21 11:00:00,Missing Item,neutral,19
TKT-90467,CUST-2907,ORD-21372,2026-08-21 11:00:00,Defective Product,neutral,15
TKT-90468,CUST-2151,ORD-21406,2026-08-21 11:00:00,Defective Product,negative,4
TKT-90469,CUST-5806,ORD-21433,2026-08-21 14:30:00,Delivery SLA Breach,negative,62
TKT-90470,CUST-3835,ORD-21474,2026-08-21 11:00:00,Defective Product,neutral,10
TKT-90471,CUST-7460,ORD-21497,2026-08-22 11:00:00,Billing Dispute,neutral,14
TKT-90472,CUST-1809,ORD-21512,2026-08-22 11:00:00,Missing Item,neutral,21
TKT-90473,CUST-2686,ORD-21555,2026-08-22 11:00:00,Defective Product,negative,16
TKT-90474,CUST-6742,ORD-21559,2026-08-22 11:00:00,Missing Item,neutral,22
TKT-90475,CUST-8807,ORD-21573,2026-08-22 11:00:00,Missing Item,neutral,7
TKT-90476,CUST-9108,ORD-21599,2026-08-22 14:30:00,Delivery SLA Breach,negative,68
TKT-90477,CUST-4792,ORD-21641,2026-08-23 11:00:00,Defective Product,neutral,10
TKT-90478,CUST-6625,ORD-21653,2026-08-23 14:30:00,Delivery SLA Breach,negative,65
TKT-90479,CUST-6667,ORD-21659,2026-08-23 14:30:00,Delivery SLA Breach,negative,35
TKT-90480,CUST-6874,ORD-21686,2026-08-23 11:00:00,Defective Product,negative,14
TKT-90481,CUST-7435,ORD-21692,2026-08-23 14:30:00,Delivery SLA Breach,negative,66
TKT-90482,CUST-4385,ORD-21699,2026-08-23 14:30:00,Delivery SLA Breach,negative,70
TKT-90483,CUST-2945,ORD-21716,2026-08-23 11:00:00,Missing Item,neutral,21
TKT-90484,CUST-5225,ORD-21729,2026-08-23 11:00:00,Delivery SLA Breach,neutral,23
TKT-90485,CUST-1055,ORD-21737,2026-08-23 11:00:00,Missing Item,neutral,12
TKT-90486,CUST-6722,ORD-21745,2026-08-23 11:00:00,Delivery SLA Breach,negative,19
TKT-90487,CUST-7259,ORD-21777,2026-08-24 11:00:00,Missing Item,neutral,16
TKT-90488,CUST-1045,ORD-21797,2026-08-24 11:00:00,Delivery SLA Breach,neutral,15
TKT-90489,CUST-5193,ORD-21800,2026-08-24 14:30:00,Delivery SLA Breach,negative,52
TKT-90490,CUST-8325,ORD-21833,2026-08-24 14:30:00,Delivery SLA Breach,negative,68
TKT-90491,CUST-9781,ORD-21834,2026-08-24 11:00:00,Billing Dispute,neutral,5
TKT-90492,CUST-6115,ORD-21862,2026-08-24 11:00:00,Missing Item,negative,11
TKT-90493,CUST-9670,ORD-21880,2026-08-24 11:00:00,Defective Product,negative,14
TKT-90494,CUST-8556,ORD-21882,2026-08-24 11:00:00,Delivery SLA Breach,negative,8
TKT-90495,CUST-3078,ORD-21912,2026-08-25 11:00:00,Defective Product,neutral,14
TKT-90496,CUST-5089,ORD-21913,2026-08-25 14:30:00,Delivery SLA Breach,negative,38
TKT-90497,CUST-4171,ORD-21928,2026-08-25 14:30:00,Delivery SLA Breach,negative,44
TKT-90498,CUST-5143,ORD-21939,2026-08-25 14:30:00,Delivery SLA Breach,negative,41
TKT-90499,CUST-1756,ORD-21946,2026-08-25 11:00:00,Delivery SLA Breach,negative,11
TKT-90500,CUST-6980,ORD-21948,2026-08-25 11:00:00,Delivery SLA Breach,negative,11
TKT-90501,CUST-1324,ORD-21955,2026-08-25 11:00:00,Billing Dispute,negative,9
TKT-90502,CUST-4932,ORD-21987,2026-08-25 11:00:00,Billing Dispute,neutral,12
TKT-90503,CUST-9369,ORD-21989,2026-08-25 11:00:00,Defective Product,neutral,24
TKT-90504,CUST-6220,ORD-22005,2026-08-25 11:00:00,Delivery SLA Breach,neutral,24
TKT-90505,CUST-2402,ORD-22020,2026-08-25 14:30:00,Delivery SLA Breach,negative,44
TKT-90506,CUST-1653,ORD-22028,2026-08-25 11:00:00,Delivery SLA Breach,negative,24
TKT-90507,CUST-1222,ORD-22031,2026-08-25 11:00:00,Delivery SLA Breach,neutral,22
TKT-90508,CUST-5798,ORD-22040,2026-08-26 11:00:00,Delivery SLA Breach,negative,16
TKT-90509,CUST-6552,ORD-22053,2026-08-26 14:30:00,Delivery SLA Breach,negative,72
TKT-90510,CUST-3809,ORD-22094,2026-08-26 11:00:00,Billing Dispute,neutral,20
TKT-90511,CUST-4825,ORD-22104,2026-08-26 11:00:00,Defective Product,neutral,11
TKT-90512,CUST-6087,ORD-22108,2026-08-26 11:00:00,Missing Item,neutral,14
TKT-90513,CUST-9332,ORD-22119,2026-08-26 14:30:00,Delivery SLA Breach,negative,67
TKT-90514,CUST-3380,ORD-22129,2026-08-26 14:30:00,Delivery SLA Breach,negative,69
TKT-90515,CUST-7538,ORD-22130,2026-08-26 11:00:00,Delivery SLA Breach,negative,10
TKT-90516,CUST-5375,ORD-22143,2026-08-26 11:00:00,Missing Item,negative,7
TKT-90517,CUST-8515,ORD-22156,2026-08-26 11:00:00,Defective Product,neutral,4
TKT-90518,CUST-3612,ORD-22188,2026-08-27 11:00:00,Defective Product,neutral,5
TKT-90519,CUST-5843,ORD-22189,2026-08-27 14:30:00,Delivery SLA Breach,negative,30
TKT-90520,CUST-4866,ORD-22195,2026-08-27 14:30:00,Delivery SLA Breach,negative,39
TKT-90521,CUST-1777,ORD-22199,2026-08-27 14:30:00,Delivery SLA Breach,negative,71
TKT-90522,CUST-4891,ORD-22211,2026-08-27 11:00:00,Billing Dispute,negative,4
TKT-90523,CUST-3729,ORD-22222,2026-08-27 14:30:00,Delivery SLA Breach,negative,39
TKT-90524,CUST-4290,ORD-22254,2026-08-27 11:00:00,Missing Item,negative,12
TKT-90525,CUST-1238,ORD-22267,2026-08-27 11:00:00,Missing Item,negative,5
TKT-90526,CUST-2954,ORD-22268,2026-08-27 11:00:00,Missing Item,neutral,18
TKT-90527,CUST-5270,ORD-22276,2026-08-27 14:30:00,Delivery SLA Breach,negative,32
TKT-90528,CUST-7773,ORD-22307,2026-08-28 11:00:00,Missing Item,negative,19
TKT-90529,CUST-7716,ORD-22314,2026-08-28 11:00:00,Delivery SLA Breach,neutral,7
TKT-90530,CUST-9458,ORD-22321,2026-08-28 14:30:00,Delivery SLA Breach,negative,28
TKT-90531,CUST-4733,ORD-22335,2026-08-28 11:00:00,Delivery SLA Breach,neutral,4
TKT-90532,CUST-5449,ORD-22344,2026-08-28 14:30:00,Delivery SLA Breach,negative,57
TKT-90533,CUST-3927,ORD-22351,2026-08-28 11:00:00,Defective Product,negative,6
TKT-90534,CUST-3000,ORD-22361,2026-08-28 11:00:00,Missing Item,negative,16
TKT-90535,CUST-9785,ORD-22394,2026-08-28 11:00:00,Billing Dispute,neutral,12
TKT-90536,CUST-9923,ORD-22448,2026-08-29 11:00:00,Billing Dispute,neutral,7
TKT-90537,CUST-5050,ORD-22449,2026-08-29 14:30:00,Delivery SLA Breach,negative,64
TKT-90538,CUST-4044,ORD-22520,2026-08-29 14:30:00,Delivery SLA Breach,negative,67
TKT-90539,CUST-5131,ORD-22526,2026-08-29 11:00:00,Billing Dispute,negative,24
TKT-90540,CUST-8013,ORD-22528,2026-08-29 11:00:00,Billing Dispute,negative,19
TKT-90541,CUST-3657,ORD-22529,2026-08-29 11:00:00,Defective Product,neutral,11
TKT-90542,CUST-1419,ORD-22561,2026-08-29 14:30:00,Delivery SLA Breach,negative,30
